"","Variable","R","original","bootBias","bootSE","bootMed","pval","lower","upper","Nutrient"
"1","TILLAGE2",10000,-1.53557303258686,-0.00144077501015216,0.147774932086326,-1.53653349499797,0,-1.82704928157301,-1.24856432145589,"N[%]"
"2","FERTILIZATION2",10000,0.398111526966964,0.000181836087275178,0.150092086461792,0.399013928440868,0.0069999999999999,0.102622121362043,0.68893626668213,"N[%]"
"3","TILLAGE2:FERTILIZATION2",10000,-0.195896148190092,-0.00122107458410911,0.209759480019379,-0.196996789583002,0.346,-0.612480163781207,0.216851700634447,"N[%]"
"4","TILLAGE2",10000,-1.64148592516199,-0.00157043907372834,0.161074092645034,-1.64253282539876,0,-1.95919388597902,-1.32864756297187,"OM[%]"
"5","FERTILIZATION2",10000,0.416976091597716,0.000198200617347266,0.16359978176752,0.417959705642118,0.00879999999999992,0.0948938059078212,0.733973909881154,"OM[%]"
"6","TILLAGE2:FERTILIZATION2",10000,-0.306411246952081,-0.00133096647659009,0.228637005213293,-0.307610941725664,0.1752,-0.760486179516184,0.143482278979397,"OM[%]"
